Workbook

Sheet Condensed Data
A1: Name | B1: US TREASURY | C1: Japan | D1: Germany | E1: UK | F1: Italy | G1: Canada | H1: China
A2: 43126 | B2: 81.301243 | C2: 0.77088821 | D2: 109.624 | E2: 125.5849 | F2: 115.149 | G2: 67.212815 | H2: 13.090675
A3: 43129 | B3: 81.656132 | C3: 0.77202168 | D3: 109.318 | E3: 125.0589 | F3: 114.945 | G3: 67.568579 | H3: 13.140929
A4: 43130 | B4: 81.20622 | C4: 0.76954689 | D4: 109.35 | E4: 125.09554 | F4: 114.865 | G4: 67.281522 | H4: 13.059784
A5: 43131 | B5: 80.893759 | C5: 0.76495921 | D5: 109.258 | E5: 125.32276 | F5: 114.894 | G5: 67.332744 | H5: 13.109611
A6: 43132 | B6: 80.546329 | C6: 0.76183613 | D6: 109.217 | E6: 125.05851 | F6: 115.229 | G6: 67.036203 | H6: 13.106271
A7: 43133 | B7: 80.587441 | C7: 0.7573398 | D7: 108.991 | E7: 124.19941 | F7: 114.862 | G7: 66.629246 | H7: 13.171181
A8: 43136 | B8: 81.345652 | C8: 0.76035763 | D8: 109.165 | E8: 123.54893 | F8: 114.979 | G8: 66.507183 | H8: 13.142786
A9: 43137 | B9: 81.412775 | C9: 0.77140606 | D9: 109.41 | E9: 123.66494 | F9: 115.235 | G9: 66.405119 | H9: 13.282839
A10: 43138 | B10: 81.686989 | C10: 0.77454886 | D10: 109.15 | E10: 123.85297 | F10: 115.475 | G10: 66.620609 | H10: 13.382676
A11: 43139 | B11: 81.939629 | C11: 0.77684317 | D11: 108.933 | E11: 124.47553 | F11: 115.137 | G11: 66.531326 | H11: 13.287792
A12: 43140 | B12: 81.942442 | C12: 0.78171433 | D12: 109.06 | E12: 123.13363 | F12: 114.914 | G12: 66.599786 | H12: 13.350366
A13: 43143 | B13: 81.707967 | C13: 0.78096869 | D13: 109.035 | E13: 122.74225 | F13: 114.934 | G13: 66.462383 | H13: 13.259883
... A524: 43858 | B524: 95.457297 | C524: 0.86009853 | D524: 109.776 | E524: 130.6721 | F524: 115.462 | G524: 70.949212 | H524: 14.069523

Sheet Sheet1
B3: Start | C3: 43126 | I3: Start | J3: 43126 | O3: Start | P3: 43126 | V3: Start | W3: 43126 | AB3: Start | AC3: 43126 | AI3: Start | AJ3: 43126 | AO3: Start | AP3: 43126
B4: End | C4: 43858 | I4: End | J4: 43858 | O4: End | P4: 43858 | V4: End | W4: 43858 | AB4: End | AC4: 43858 | AI4: End | AJ4: 43858 | AO4: End | AP4: 43858
B5: Frequency | C5: D | I5: Frequency | J5: D | O5: Frequency | P5: D | V5: Frequency | W5: D | AB5: Frequency | AC5: D | AI5: Frequency | AJ5: D | AO5: Frequency | AP5: D
B6: Name | C6: US TREASURY NOTE 2014 2 3/4% 15/02/24 B-2024 - DEFAULT PRICE | I6: Name | J6: JAPAN 2014 0.6% 20/06/24 334 - DEFAULT PRICE | O6: Name | P6: BUNDESREPUB.DTL. AN 2014 1 3/4% 15/02/24 - DEFAULT PRICE | V6: Name | W6: TREASURY GILT 2014 2 3/4% 07/09/24 REG.S - DEFAULT PRICE | AB6: Name | AC6: BTP ITALY 2014 3 3/4% 01/09/24 10Y - DEFAULT PRICE | AI6: Name | AJ6: CANADA 2011 2 3/4% 01/06/22 S - DEFAULT PRICE | AO6: Name | AP6: CHINA PEOPLE S REP. 2014 4.42% 20/03/24 S - DEFAULT PRICE
B7: Code | C7: 7898YV | I7: Code | J7: 794PQZ | O7: Code | P7: 788NE7 | V7: Code | W7: 7909WY | AB7: Code | AC7: 790VYX | AI7: Code | AJ7: 6561K8 | AO7: Code | AP7: 792AZ2
B8: CURRENCY | C8: U$ | D8: Euro | I8: CURRENCY | J8: Y | K8: Euro | O8: CURRENCY | P8: E | V8: CURRENCY | W8: £ | X8: Euro | AB8: CURRENCY | AC8: E | AI8: CURRENCY | AJ8: C$ | AK8: Euro | AO8: CURRENCY | AP8: CH | AQ8: Euro
B9: 43858 | C9: 105.0078 | D9: =C9/Sheet2!C20 -> 95.457297 | I9: 43858 | J9: 103.263 | K9: =J9/Sheet2!H20 -> 0.86009853 | O9: 43858 | P9: 109.776 | V9: 43858 | W9: 110.725 | X9: =W9/Sheet2!N20 -> 130.6721 | AB9: 43858 | AC9: 115.462 | AI9: 43858 | AJ9: 102.887 | AK9: =AJ9/Sheet2!S20 -> 70.949212 | AO9: 43858 | AP9: 107.2569 | AQ9: =AP9/Sheet2!Y20 -> 14.069523
B10: 43857 | C10: 105.1719 | D10: =C10/Sheet2!C21 -> 95.502293 | I10: 43857 | J10: 103.292 | K10: =J10/Sheet2!H21 -> 0.86125687 | O10: 43857 | P10: 109.873 | V10: 43857 | W10: 110.947 | X10: =W10/Sheet2!N21 -> 131.53171 | AB10: 43857 | AC10: 115.455 | AI10: 43857 | AJ10: 103.014 | AK10: =AJ10/Sheet2!S21 -> 70.968275 | AO10: 43857 | AP10: 107.2569 | AQ10: =AP10/Sheet2!Y21 -> 14.054222
B11: 43854 | C11: 104.9219 | D11: =C11/Sheet2!C22 -> 95.167256 | I11: 43854 | J11: 103.226 | K11: =J11/Sheet2!H22 -> 0.85556737 | O11: 43854 | P11: 109.724 | V11: 43854 | W11: 110.77 | X11: =W11/Sheet2!N22 -> 131.29074 | AB11: 43854 | AC11: 114.657 | AI11: 43854 | AJ11: 102.916 | AK11: =AJ11/Sheet2!S22 -> 71.045147 | AO11: 43854 | AP11: 107.2569 | AQ11: =AP11/Sheet2!Y22 -> 14.03831
B12: 43853 | C12: 104.7813 | D12: =C12/Sheet2!C23 -> 94.863338 | I12: 43853 | J12: 103.218 | K12: =J12/Sheet2!H23 -> 0.85442111 | O12: 43853 | P12: 109.672 | V12: 43853 | W12: 110.743 | X12: =W12/Sheet2!N23 -> 131.53938 | AB12: 43853 | AC12: 114.554 | AI12: 43853 | AJ12: 102.855 | AK12: =AJ12/Sheet2!S23 -> 70.834338 | AO12: 43853 | AP12: 107.2569 | AQ12: =AP12/Sheet2!Y23 -> 14.012176
B13: 43852 | C13: 104.6641 | D13: =C13/Sheet2!C24 -> 94.500564 | I13: 43852 | J13: 103.156 | K13: =J13/Sheet2!H24 -> 0.84741015 | O13: 43852 | P13: 109.556 | V13: 43852 | W13: 110.583 | X13: =W13/Sheet2!N24 -> 131.20128 | AB13: 43852 | AC13: 114.176 | AI13: 43852 | AJ13: 102.783 | AK13: =AJ13/Sheet2!S24 -> 70.738472 | AO13: 43852 | AP13: 107.2108 | AQ13: =AP13/Sheet2!Y24 -> 14.026493
B14: 43851 | C14: 104.6563 | D14: =C14/Sheet2!C25 -> 94.301946 | I14: 43851 | J14: 103.163 | K14: =J14/Sheet2!H25 -> 0.84575018 | O14: 43851 | P14: 109.515 | V14: 43851 | W14: 110.644 | X14: =W14/Sheet2!N25 -> 130.20005 | AB14: 43851 | AC14: 114.143 | AI14: 43851 | AJ14: 102.609 | AK14: =AJ14/Sheet2!S25 -> 70.767268 | AO14: 43851 | AP14: 107.1344 | AQ14: =AP14/Sheet2!Y25 -> 13.974721
B15: 43850 | C15: 104.4688 | D15: =C15/Sheet2!C26 -> 94.264651 | I15: 43850 | J15: 103.11 | K15: =J15/Sheet2!H26 -> 0.84457688 | O15: 43850 | P15: 109.469 | V15: 43850 | W15: 110.626 | X15: =W15/Sheet2!N26 -> 129.74374 | AB15: 43850 | AC15: 114.263 | AI15: 43850 | AJ15: 102.548 | AK15: =AJ15/Sheet2!S26 -> 70.862039 | AO15: 43850 | AP15: 107.0722 | AQ15: =AP15/Sheet2!Y26 -> 14.081129
B16: 43847 | C16: 104.4688 | D16: =C16/Sheet2!C27 -> 94.15845 | I16: 43847 | J16: 103.144 | K16: =J16/Sheet2!H27 -> 0.84378824 | O16: 43847 | P16: 109.5 | V16: 43847 | W16: 110.719 | X16: =W16/Sheet2!N27 -> 130.04346 | AB16: 43847 | AC16: 114.188 | AI16: 43847 | AJ16: 102.559 | AK16: =AJ16/Sheet2!S27 -> 70.786486 | AO16: 43847 | AP16: 107.0877 | AQ16: =AP16/Sheet2!Y27 -> 14.072064
B17: 43846 | C17: 104.4688 | D17: =C17/Sheet2!C28 -> 93.765471 | I17: 43846 | J17: 103.113 | K17: =J17/Sheet2!H28 -> 0.84035784 | O17: 43846 | P17: 109.51 | V17: 43846 | W17: 110.639 | X17: =W17/Sheet2!N28 -> 129.74377 | AB17: 43846 | AC17: 114.008 | AI17: 43846 | AJ17: 102.557 | AK17: =AJ17/Sheet2!S28 -> 70.575646 | AO17: 43846 | AP17: 107.074 | AQ17: =AP17/Sheet2!Y28 -> 13.959285
B18: 43845 | C18: 104.5469 | D18: =C18/Sheet2!C29 -> 93.751424 | I18: 43845 | J18: 103.101 | K18: =J18/Sheet2!H29 -> 0.8405368 | O18: 43845 | P18: 109.506 | V18: 43845 | W18: 110.653 | X18: =W18/Sheet2!N29 -> 129.23733 | AB18: 43845 | AC18: 114.304 | AI18: 43845 | AJ18: 102.596 | AK18: =AJ18/Sheet2!S29 -> 70.512715 | AO18: 43845 | AP18: 107.1695 | AQ18: =AP18/Sheet2!Y29 -> 13.954271
B19: 43844 | C19: 104.4766 | D19: =C19/Sheet2!C30 -> 93.941105 | I19: 43844 | J19: 103.09 | K19: =J19/Sheet2!H30 -> 0.84236932 | O19: 43844 | P19: 109.424 | V19: 43844 | W19: 110.321 | X19: =W19/Sheet2!N30 -> 129.0455 | AB19: 43844 | AC19: 114.304 | AI19: 43844 | AJ19: 102.532 | AK19: =AJ19/Sheet2!S30 -> 70.563298 | AO19: 43844 | AP19: 107.1899 | AQ19: =AP19/Sheet2!Y30 -> 13.998668
B20: 43843 | C20: 104.3672 | D20: =C20/Sheet2!C31 -> 93.737381 | I20: 43843 | J20: 103.169 | K20: =J20/Sheet2!H31 -> 0.84291084 | O20: 43843 | P20: 109.41 | V20: 43843 | W20: 110.24 | X20: =W20/Sheet2!N31 -> 128.49983 | AB20: 43843 | AC20: 114.313 | AI20: 43843 | AJ20: 102.51 | AK20: =AJ20/Sheet2!S31 -> 70.536021 | AO20: 43843 | AP20: 107.2543 | AQ20: =AP20/Sheet2!Y31 -> 13.971407
... B531: 43126 | C531: 101.0859 | D531: =C531/Sheet2!C542 -> 81.301243 | I531: 43126 | J531: 104.077 | K531: =J531/Sheet2!H542 -> 0.77088821 | O531: 43126 | P531: 109.624 | V531: 43126 | W531: 110.094 | X531: =W531/Sheet2!N542 -> 125.5849 | AB531: 43126 | AC531: 115.149 | AI531: 43126 | AJ531: 103.007 | AK531: =AJ531/Sheet2!S542 -> 67.212815 | AO531: 43126 | AP531: 102.8986 | AQ531: =AP531/Sheet2!Y542 -> 13.090675

Sheet Sheet2
B14: Start | C14: 43126 | G14: Start | H14: 43126 | M14: Start | N14: 43126 | R14: Start | S14: 43126 | X14: Start | Y14: 43126
B15: End | C15: 43858 | G15: End | H15: 43858 | M15: End | N15: 43858 | R15: End | S15: 43858 | X15: End | Y15: 43858
B16: Frequency | C16: D | G16: Frequency | H16: D | M16: Frequency | N16: D | R16: Frequency | S16: D | X16: Frequency | Y16: D
B17: Name | C17: US $ TO EURO (WMR&DS) - EXCHANGE RATE | G17: Name | H17: JAPANESE YEN TO EURO (WMR) - EXCHANGE RATE | M17: Name | N17: UK £ TO EURO (WMR&DS) - EXCHANGE RATE | R17: Name | S17: CANADIAN $ TO EURO (WMR) - EXCHANGE RATE | X17: Name | Y17: CHINESE YUAN TO EURO (WMR) - EXCHANGE RATE
B18: Code | C18: USEURSP | G18: Code | H18: JPEURSP | M18: Code | N18: UKEURSP | R18: Code | S18: CNEURSP | X18: Code | Y18: CHEURSP
B19: CURRENCY | C19: E | G19: CURRENCY | H19: E | M19: CURRENCY | N19: E | R19: CURRENCY | S19: E | X19: CURRENCY | Y19: E
B20: 43858 | C20: 1.10005 | G20: 43858 | H20: 120.0595 | M20: 43858 | N20: 0.84735 | R20: 43858 | S20: 1.45015 | X20: 43858 | Y20: 7.62335
B21: 43857 | C21: 1.10125 | G21: 43857 | H21: 119.9317 | M21: 43857 | N21: 0.8435 | R21: 43857 | S21: 1.45155 | X21: 43857 | Y21: 7.63165
B22: 43854 | C22: 1.1025 | G22: 43854 | H22: 120.6521 | M22: 43854 | N22: 0.8437 | R22: 43854 | S22: 1.4486 | X22: 43854 | Y22: 7.6403
B23: 43853 | C23: 1.10455 | G23: 43853 | H23: 120.8046 | M23: 43853 | N23: 0.8419 | R23: 43853 | S23: 1.45205 | X23: 43853 | Y23: 7.65455
B24: 43852 | C24: 1.10755 | G24: 43852 | H24: 121.7309 | M24: 43852 | N24: 0.84285 | R24: 43852 | S24: 1.453 | X24: 43852 | Y24: 7.64345
B25: 43851 | C25: 1.1098 | G25: 43851 | H25: 121.9781 | M25: 43851 | N25: 0.8498 | R25: 43851 | S25: 1.44995 | X25: 43851 | Y25: 7.6663
B26: 43850 | C26: 1.10825 | G26: 43850 | H26: 122.0848 | M26: 43850 | N26: 0.85265 | R26: 43850 | S26: 1.44715 | X26: 43850 | Y26: 7.60395
B27: 43847 | C27: 1.1095 | G27: 43847 | H27: 122.2392 | M27: 43847 | N27: 0.8514 | R27: 43847 | S27: 1.44885 | X27: 43847 | Y27: 7.60995
B28: 43846 | C28: 1.11415 | G28: 43846 | H28: 122.7013 | M28: 43846 | N28: 0.85275 | R28: 43846 | S28: 1.45315 | X28: 43846 | Y28: 7.67045
B29: 43845 | C29: 1.11515 | G29: 43845 | H29: 122.6609 | M29: 43845 | N29: 0.8562 | R29: 43845 | S29: 1.455 | X29: 43845 | Y29: 7.68005
B30: 43844 | C30: 1.11215 | G30: 43844 | H30: 122.381 | M30: 43844 | N30: 0.8549 | R30: 43844 | S30: 1.45305 | X30: 43844 | Y30: 7.65715
B31: 43843 | C31: 1.1134 | G31: 43843 | H31: 122.3961 | M31: 43843 | N31: 0.8579 | R31: 43843 | S31: 1.4533 | X31: 43843 | Y31: 7.6767
... B542: 43126 | C542: 1.24335 | G542: 43126 | H542: 135.0092 | M542: 43126 | N542: 0.87665 | R542: 43126 | S542: 1.53255 | X542: 43126 | Y542: 7.86045
